{
  "knn_quote": {
    "mae": 0.13372824233865707,
    "rmse": 0.17858817496608936,
    "forecast_months": [
      "2016-02",
      "2016-03",
      "2016-04"
    ],
    "predicted": [
      0.83348290480264,
      1.2239243731338987,
      1.1971282895708266
    ],
    "actual": [
      1.1344943327510157,
      1.1685469753263458,
      1.152332388310784
    ]
  },
  "get_cost_forecast": {
    "mae": 0.026772346479529103,
    "rmse": 0.030397341763262076,
    "week_indices": [
      9,
      10,
      11,
      12,
      13,
      14,
      15,
      16,
      17,
      18,
      19,
      20
    ],
    "predicted_mid": [
      1.154411272397083,
      1.1526934138192304,
      1.15342174136961,
      1.1533502338408272,
      1.1537380225099128,
      1.1536997858144171,
      1.1533887704769739,
      1.1536528882355643,
      1.153628782872318,
      1.153237730418407,
      1.152942197752662,
      1.1527486051290234
    ],
    "predicted_mid_raw_sarima": [
      -0.08011710738132585,
      0.0200740181211575,
      -0.022404424486273264,
      -0.01823387175102089,
      -0.04085097406299224,
      -0.0386208850401845,
      -0.02048145429267046,
      -0.03588566499985305,
      -0.03447976144908973,
      -0.011672304541414338,
      0.0055641262017568985,
      0.016855080591947107
    ],
    "predicted_ci_lower": [
      1.0195380284372053,
      1.0106056482279693,
      1.0073520089618968,
      1.0036925502777696,
      1.0006095344562735,
      0.9971813179536235,
      0.9935526609341117,
      0.9905666670471608,
      0.9873559737076512,
      0.9838382666023752,
      0.9804727523876644,
      0.9772628768653757
    ],
    "predicted_ci_upper": [
      1.2892845163569604,
      1.2947811794104918,
      1.2994914737773233,
      1.3030079174038849,
      1.3068665105635522,
      1.3102182536752107,
      1.3132248800198363,
      1.316739109423968,
      1.3199015920369845,
      1.322637194234439,
      1.3254116431176595,
      1.328234333392671
    ],
    "actual": [
      1.1312654861362659,
      1.147862403290091,
      1.192788386542925,
      1.1553062892322559,
      1.187161543525703,
      1.1194504799755225,
      1.1706820035461338,
      1.1884147353414223,
      1.1338223162424974,
      1.1084943694132512,
      1.103404828907068,
      1.1709021620183995
    ],
    "calibration": {
      "context_window_weeks_count": 8,
      "matched_calibration_points": 8,
      "calibration_mode": "guarded_linear",
      "is_fallback": false,
      "fallback_reason": null,
      "fallback_mean_proc_cost_pct": null,
      "context_window_mean_proc_cost_pct": 1.1348964878509884,
      "generated_at_utc": "2026-03-15T09:36:26.161259Z",
      "forecast_horizon_wks": 12,
      "confidence_interval": 0.95,
      "used_guarded_calibration": true,
      "calibration_successful": true,
      "calibration_mae": 0.01995436400519257,
      "calibration_rmse": 0.024014006676726388,
      "calibration_r2": 0.00035344457925590156
    }
  },
  "generated_at_utc": "2026-03-15T09:36:33.632117+00:00",
  "artifacts": {
    "knn_plot": "/Users/yattmeo/Desktop/SMU/Code/404_found_us/ml_pipeline/Matt_EDA/service_eval_outputs/knn_quote_prediction_vs_actual.png",
    "forecast_plot": "/Users/yattmeo/Desktop/SMU/Code/404_found_us/ml_pipeline/Matt_EDA/service_eval_outputs/get_cost_forecast_prediction_vs_actual.png"
  }
}